date,raw,with_projections,statement_utc
2021-01-27,January 26-27,False,2021-01-27T19:00:00+00:00
2021-03-17,March 16-17*,True,2021-03-17T18:00:00+00:00
2021-04-28,April 27-28,False,2021-04-28T18:00:00+00:00
2021-06-16,June 15-16*,True,2021-06-16T18:00:00+00:00
2021-07-28,July 27-28,False,2021-07-28T18:00:00+00:00
2021-09-22,September 21-22*,True,2021-09-22T18:00:00+00:00
2021-11-03,November 2-3,False,2021-11-03T18:00:00+00:00
2021-12-15,December 14-15*,True,2021-12-15T19:00:00+00:00
2022-01-26,January 25-26,False,2022-01-26T19:00:00+00:00
2022-03-16,March 15-16*,True,2022-03-16T18:00:00+00:00
2022-05-04,May 3-4,False,2022-05-04T18:00:00+00:00
2022-06-15,June 14-15*,True,2022-06-15T18:00:00+00:00
2022-07-27,July 26-27,False,2022-07-27T18:00:00+00:00
2022-09-21,September 20-21*,True,2022-09-21T18:00:00+00:00
2022-11-02,November 1-2,False,2022-11-02T18:00:00+00:00
2022-12-14,December 13-14*,True,2022-12-14T19:00:00+00:00
2023-02-01,Jan/Feb 31-1,False,2023-02-01T19:00:00+00:00
2023-03-22,March 21-22*,True,2023-03-22T18:00:00+00:00
2023-05-03,May 2-3,False,2023-05-03T18:00:00+00:00
2023-06-14,June 13-14*,True,2023-06-14T18:00:00+00:00
2023-07-26,July 25-26,False,2023-07-26T18:00:00+00:00
2023-09-20,September 19-20*,True,2023-09-20T18:00:00+00:00
2023-11-01,Oct/Nov 31-1,False,2023-11-01T18:00:00+00:00
2023-12-13,December 12-13*,True,2023-12-13T19:00:00+00:00
2024-01-31,January 30-31,False,2024-01-31T19:00:00+00:00
2024-03-20,March 19-20*,True,2024-03-20T18:00:00+00:00
2024-05-01,Apr/May 30-1,False,2024-05-01T18:00:00+00:00
2024-06-12,June 11-12*,True,2024-06-12T18:00:00+00:00
2024-07-31,July 30-31,False,2024-07-31T18:00:00+00:00
2024-09-18,September 17-18*,True,2024-09-18T18:00:00+00:00
2024-11-07,November 6-7,False,2024-11-07T19:00:00+00:00
2024-12-18,December 17-18*,True,2024-12-18T19:00:00+00:00
2025-01-29,January 28-29,False,2025-01-29T19:00:00+00:00
2025-03-19,March 18-19*,True,2025-03-19T18:00:00+00:00
2025-05-07,May 6-7,False,2025-05-07T18:00:00+00:00
2025-06-18,June 17-18*,True,2025-06-18T18:00:00+00:00
2025-07-30,July 29-30,False,2025-07-30T18:00:00+00:00
2025-09-17,September 16-17*,True,2025-09-17T18:00:00+00:00
2025-10-29,October 28-29,False,2025-10-29T18:00:00+00:00
2025-12-10,December 9-10*,True,2025-12-10T19:00:00+00:00
2026-01-28,January 27-28,False,2026-01-28T19:00:00+00:00
2026-03-18,March 17-18*,True,2026-03-18T18:00:00+00:00
2026-04-29,April 28-29,False,2026-04-29T18:00:00+00:00
2026-06-17,June 16-17*,True,2026-06-17T18:00:00+00:00
2026-07-29,July 28-29,False,2026-07-29T18:00:00+00:00
2026-09-16,September 15-16*,True,2026-09-16T18:00:00+00:00
2026-10-28,October 27-28,False,2026-10-28T18:00:00+00:00
2026-12-09,December 8-9*,True,2026-12-09T19:00:00+00:00
2027-01-27,January 26-27,False,2027-01-27T19:00:00+00:00
2027-03-17,March 16-17*,True,2027-03-17T18:00:00+00:00
2027-04-28,April 27-28,False,2027-04-28T18:00:00+00:00
2027-06-09,June 8-9*,True,2027-06-09T18:00:00+00:00
2027-07-28,July 27-28,False,2027-07-28T18:00:00+00:00
2027-09-15,September 14-15*,True,2027-09-15T18:00:00+00:00
2027-10-27,October 26-27,False,2027-10-27T18:00:00+00:00
2027-12-08,December 7-8*,True,2027-12-08T19:00:00+00:00
